Datetime,Open,High,Low,Close,Volume
2025-11-17 14:00:00,1459.69,1459.94,1458.08,1459.77,0
2025-11-17 15:00:00,1459.65,1460.59,1456.28,1457.4,0
2025-11-17 16:00:00,1456.58,1459.35,1456.28,1459.33,0
2025-11-17 17:00:00,1459.33,1461.25,1458.9,1459.68,0
2025-11-17 18:00:00,1459.53,1461.21,1459.51,1460.87,0
2025-11-17 19:00:00,1460.82,1462.15,1459.78,1462.15,0
2025-11-17 20:00:00,1462.15,1462.87,1459.88,1461.6,0
2025-11-17 21:00:00,1461.58,1461.86,1459.72,1460.53,0
2025-11-17 22:00:00,1460.52,1462.2,1460.41,1461.49,0
2025-11-17 23:00:00,1461.49,1462.33,1460.16,1460.4,0
2025-11-18 00:00:00,1460.42,1461.99,1460.15,1460.23,0
2025-11-18 01:00:00,1460.18,1461.05,1459.64,1459.68,0
2025-11-18 02:00:00,1459.69,1460.91,1459.56,1460.9,0
2025-11-18 03:00:00,1460.89,1461.33,1460.6,1460.74,0
2025-11-18 04:00:00,1460.73,1462.68,1460.71,1462.6,0
2025-11-18 05:00:00,1462.62,1462.81,1461.86,1461.9,0
2025-11-18 06:00:00,1461.82,1462.19,1461.12,1462.11,0
2025-11-18 07:00:00,1462.17,1462.74,1459.83,1462.74,0
2025-11-18 09:00:00,1462.66,1465.78,1462.35,1464.98,0
2025-11-18 10:00:00,1465.28,1467.26,1464.68,1466.2,0
2025-11-18 11:00:00,1466.28,1467.22,1464.78,1465.0,0
2025-11-18 12:00:00,1464.88,1465.96,1464.58,1465.65,0
2025-11-18 13:00:00,1465.58,1467.19,1464.78,1465.28,0
2025-11-18 14:00:00,1465.18,1465.65,1461.48,1463.41,0
2025-11-18 15:00:00,1463.28,1466.68,1463.08,1466.45,0
2025-11-18 16:00:00,1466.53,1467.11,1465.39,1465.77,0
2025-11-18 17:00:00,1465.9,1466.02,1464.02,1465.53,0
2025-11-18 18:00:00,1465.52,1466.63,1465.22,1465.59,0
2025-11-18 19:00:00,1465.59,1466.55,1464.27,1464.76,0
2025-11-18 20:00:00,1464.92,1465.29,1463.32,1463.39,0
2025-11-18 21:00:00,1463.33,1464.89,1462.63,1463.7,0
2025-11-18 22:00:00,1463.71,1463.94,1459.75,1460.51,0
2025-11-18 23:00:00,1460.53,1461.95,1460.07,1460.93,0
2025-11-19 00:00:00,1460.97,1463.56,1460.04,1462.22,0
2025-11-19 01:00:00,1462.25,1462.67,1460.61,1461.36,0
2025-11-19 02:00:00,1461.28,1462.61,1460.91,1460.91,0
2025-11-19 03:00:00,1460.99,1461.06,1459.64,1460.01,0
2025-11-19 04:00:00,1459.97,1459.98,1457.64,1458.88,0
2025-11-19 05:00:00,1458.87,1459.73,1458.82,1459.36,0
2025-11-19 06:00:00,1459.77,1460.18,1458.99,1459.28,0
2025-11-19 07:00:00,1459.27,1459.27,1456.95,1457.52,0
2025-11-19 09:00:00,1457.53,1464.78,1457.53,1464.68,0
2025-11-19 10:00:00,1464.48,1465.78,1463.28,1465.08,0
2025-11-19 11:00:00,1464.98,1466.58,1463.58,1466.48,0
2025-11-19 12:00:00,1466.58,1467.09,1466.07,1466.66,0
2025-11-19 13:00:00,1466.64,1467.4,1466.58,1467.4,0
2025-11-19 14:00:00,1466.1,1466.1,1465.9,1465.9,0
2025-11-19 15:00:00,1464.3,1465.0,1464.3,1464.7,0
2025-11-19 16:00:00,1465.3,1465.3,1465.3,1465.3,0
2025-11-19 17:00:00,1464.9,1465.4,1464.9,1465.4,0
2025-11-19 18:00:00,1466.0,1467.2,1466.0,1467.2,0
2025-11-19 19:00:00,1468.4,1468.4,1468.4,1468.4,0
2025-11-19 22:00:00,1464.88,1466.89,1464.78,1466.33,0
2025-11-19 23:00:00,1466.32,1467.21,1465.74,1466.18,0
2025-11-20 00:00:00,1466.18,1468.45,1465.12,1467.82,0
2025-11-20 01:00:00,1467.57,1468.13,1466.78,1467.67,0
2025-11-20 02:00:00,1467.67,1469.94,1467.59,1468.56,0
2025-11-20 03:00:00,1468.5,1468.5,1466.98,1467.65,0
2025-11-20 04:00:00,1467.67,1468.52,1467.63,1468.38,0
2025-11-20 05:00:00,1468.39,1468.39,1467.42,1467.62,0
2025-11-20 06:00:00,1467.62,1468.04,1467.61,1467.97,0
2025-11-20 07:00:00,1467.05,1467.05,1467.05,1467.05,0
2025-11-20 08:00:00,1467.05,1467.05,1467.05,1467.05,0
2025-11-20 09:00:00,1467.14,1467.51,1465.38,1467.16,0
2025-11-20 10:00:00,1466.98,1468.78,1466.87,1468.38,0
2025-11-20 11:00:00,1468.38,1469.07,1467.18,1467.88,0
2025-11-20 12:00:00,1468.08,1469.18,1466.38,1469.02,0
2025-11-20 13:00:00,1469.04,1469.58,1468.18,1468.81,0
2025-11-20 14:00:00,1468.79,1469.99,1468.48,1469.28,0
2025-11-20 15:00:00,1469.28,1469.5,1467.38,1469.11,0
2025-11-20 16:00:00,1469.12,1469.39,1468.27,1468.94,0
2025-11-20 17:00:00,1468.94,1469.46,1468.08,1468.4,0
2025-11-20 18:00:00,1468.39,1469.15,1467.96,1468.09,0
2025-11-20 19:00:00,1468.09,1469.07,1466.78,1468.56,0
2025-11-20 20:00:00,1468.45,1469.05,1468.3,1468.74,0
2025-11-20 21:00:00,1468.74,1469.5,1468.58,1469.12,0
2025-11-20 22:00:00,1469.14,1471.22,1466.45,1467.51,0
2025-11-20 23:00:00,1467.48,1468.63,1465.64,1467.09,0
2025-11-21 00:00:00,1467.1,1470.26,1467.1,1469.6,0
2025-11-21 01:00:00,1469.6,1473.72,1469.06,1473.3,0
2025-11-21 02:00:00,1473.26,1475.75,1471.6,1474.64,0
2025-11-21 03:00:00,1474.66,1474.72,1472.4,1473.24,0
2025-11-21 04:00:00,1473.23,1473.39,1472.13,1472.3,0
2025-11-21 05:00:00,1472.31,1473.38,1472.05,1473.26,0
2025-11-21 06:00:00,1473.25,1474.69,1472.13,1474.22,0
2025-11-21 07:00:00,1474.21,1474.24,1474.21,1474.22,0
2025-11-21 08:00:00,1474.22,1474.22,1474.22,1474.22,0
2025-11-21 09:00:00,1474.23,1474.23,1469.78,1472.18,0
2025-11-21 10:00:00,1472.38,1473.19,1470.68,1471.74,0
2025-11-21 11:00:00,1471.76,1473.8,1471.76,1473.57,0
2025-11-21 12:00:00,1473.28,1473.52,1469.38,1469.88,0
2025-11-21 13:00:00,1469.88,1471.59,1468.88,1471.59,0
2025-11-21 14:00:00,1471.61,1472.78,1470.88,1472.78,0
2025-11-21 15:00:00,1472.68,1475.87,1472.08,1474.55,0
2025-11-21 16:00:00,1474.6,1475.73,1473.76,1475.28,0
2025-11-21 17:00:00,1475.28,1475.7,1471.68,1472.3,0
2025-11-21 18:00:00,1472.3,1475.23,1471.8,1475.23,0
2025-11-21 19:00:00,1475.23,1476.02,1474.58,1475.12,0
2025-11-21 20:00:00,1474.88,1476.06,1474.51,1475.97,0
2025-11-21 21:00:00,1475.94,1477.74,1473.32,1473.39,0
2025-11-21 22:00:00,1473.42,1474.83,1472.85,1473.02,0
2025-11-21 23:00:00,1473.02,1474.89,1472.91,1473.69,0
2025-11-22 00:00:00,1473.77,1476.27,1473.28,1474.96,0
2025-11-22 01:00:00,1474.96,1476.22,1470.89,1470.89,0
2025-11-22 02:00:00,1470.82,1472.18,1469.97,1469.97,0
2025-11-22 03:00:00,1469.92,1471.66,1469.71,1470.69,0
2025-11-22 04:00:00,1470.69,1470.81,1469.72,1470.77,0
2025-11-22 05:00:00,1470.77,1471.26,1469.61,1470.08,0
2025-11-22 06:00:00,1470.09,1470.11,1468.72,1469.55,0
2025-11-24 09:00:00,1469.55,1471.68,1468.28,1470.48,0
2025-11-24 10:00:00,1470.58,1473.98,1470.18,1472.88,0
2025-11-24 11:00:00,1472.88,1473.68,1471.88,1473.59,0
2025-11-24 12:00:00,1473.54,1476.55,1472.88,1476.18,0
2025-11-24 13:00:00,1476.29,1476.5,1475.08,1476.15,0
2025-11-24 14:00:00,1476.07,1476.24,1472.08,1472.55,0
2025-11-24 15:00:00,1472.58,1477.23,1472.38,1476.48,0
2025-11-24 16:00:00,1476.18,1477.07,1474.48,1476.08,0
2025-11-24 17:00:00,1476.1,1476.17,1474.31,1475.75,0
2025-11-24 18:00:00,1475.75,1479.83,1474.78,1479.08,0
2025-11-24 19:00:00,1479.08,1479.16,1477.29,1477.63,0
2025-11-24 20:00:00,1477.58,1478.19,1476.87,1477.45,0
2025-11-24 21:00:00,1477.46,1478.08,1475.26,1476.15,0
2025-11-24 22:00:00,1476.15,1477.0,1474.88,1476.66,0
2025-11-24 23:00:00,1475.94,1476.96,1474.88,1475.7,0
2025-11-25 00:00:00,1475.32,1477.13,1474.88,1476.45,0
2025-11-25 01:00:00,1476.46,1476.66,1474.78,1475.91,0
2025-11-25 02:00:00,1475.92,1475.97,1474.46,1474.62,0
2025-11-25 03:00:00,1474.64,1474.67,1473.17,1473.33,0
2025-11-25 04:00:00,1473.34,1474.59,1473.13,1474.06,0
2025-11-25 05:00:00,1474.05,1474.06,1472.22,1473.98,0
2025-11-25 06:00:00,1474.06,1475.04,1474.06,1474.73,0
2025-11-25 07:00:00,1474.58,1476.05,1474.58,1475.87,0
2025-11-25 08:00:00,1475.87,1475.87,1475.87,1475.87,0
2025-11-25 09:00:00,1475.87,1476.68,1473.98,1474.58,0
2025-11-25 10:00:00,1474.6,1474.6,1470.48,1472.78,0
2025-11-25 11:00:00,1472.88,1473.58,1471.18,1471.18,0
2025-11-25 12:00:00,1471.08,1475.45,1470.28,1475.05,0
2025-11-25 13:00:00,1475.05,1475.16,1473.28,1473.98,0
2025-11-25 14:00:00,1473.97,1474.91,1471.48,1472.41,0
2025-11-25 15:00:00,1472.28,1473.4,1471.78,1472.87,0
2025-11-25 16:00:00,1472.38,1472.84,1468.38,1469.44,0
2025-11-25 17:00:00,1469.45,1470.28,1465.88,1468.27,0
2025-11-25 18:00:00,1468.27,1468.35,1465.26,1465.68,0
2025-11-25 19:00:00,1465.65,1466.76,1463.87,1465.06,0
2025-11-25 20:00:00,1465.27,1466.66,1464.78,1465.86,0
2025-11-25 21:00:00,1465.85,1466.47,1464.26,1464.76,0
2025-11-25 22:00:00,1464.76,1465.92,1464.13,1465.16,0
2025-11-25 23:00:00,1465.17,1468.23,1464.88,1468.12,0
2025-11-26 00:00:00,1468.07,1468.22,1466.59,1467.59,0
2025-11-26 01:00:00,1467.55,1468.99,1466.6,1468.11,0
2025-11-26 02:00:00,1468.1,1468.1,1463.62,1463.96,0
2025-11-26 03:00:00,1463.9,1464.84,1463.34,1464.06,0
2025-11-26 04:00:00,1464.07,1465.16,1463.67,1463.73,0
2025-11-26 05:00:00,1463.7,1465.16,1463.67,1465.0,0
2025-11-26 06:00:00,1465.0,1465.64,1464.05,1465.33,0
2025-11-26 07:00:00,1465.49,1468.29,1465.49,1465.92,0
2025-11-26 08:00:00,1465.92,1465.92,1465.92,1465.92,0
2025-11-26 09:00:00,1465.93,1465.93,1456.38,1459.58,0
2025-11-26 10:00:00,1459.78,1461.18,1457.38,1460.88,0
2025-11-26 11:00:00,1460.88,1466.08,1457.88,1464.78,0
2025-11-26 12:00:00,1465.08,1465.63,1464.18,1464.62,0
2025-11-26 13:00:00,1464.62,1467.61,1463.78,1466.28,0
2025-11-26 14:00:00,1466.18,1466.67,1465.08,1465.49,0
2025-11-26 15:00:00,1465.38,1470.58,1465.08,1470.07,0
2025-11-26 16:00:00,1470.34,1471.95,1467.98,1471.36,0
2025-11-26 17:00:00,1471.34,1475.19,1471.17,1474.84,0
2025-11-26 18:00:00,1474.84,1474.84,1470.58,1472.63,0
2025-11-26 19:00:00,1472.61,1474.69,1471.38,1474.35,0
2025-11-26 20:00:00,1474.23,1475.26,1471.78,1473.67,0
2025-11-26 21:00:00,1473.66,1475.67,1471.88,1474.19,0
2025-11-26 22:00:00,1474.3,1474.4,1472.61,1473.62,0
2025-11-26 23:00:00,1473.54,1473.81,1471.51,1471.61,0
2025-11-27 00:00:00,1472.14,1472.67,1469.32,1469.32,0
2025-11-27 01:00:00,1469.32,1469.78,1467.35,1468.39,0
2025-11-27 02:00:00,1468.37,1469.54,1468.26,1468.65,0
2025-11-27 03:00:00,1468.66,1469.11,1468.0,1468.59,0
2025-11-27 04:00:00,1468.59,1469.1,1468.54,1468.65,0
2025-11-27 05:00:00,1468.62,1469.88,1468.56,1469.5,0
2025-11-27 06:00:00,1469.5,1471.77,1469.5,1471.49,0
2025-11-27 07:00:00,1471.38,1472.43,1468.59,1471.51,0
2025-11-27 08:00:00,1471.51,1471.51,1471.51,1471.51,0
2025-11-27 09:00:00,1471.51,1471.51,1464.88,1465.18,0
2025-11-27 10:00:00,1465.08,1466.18,1464.58,1465.84,0
2025-11-27 11:00:00,1465.79,1466.98,1462.78,1465.88,0
2025-11-27 12:00:00,1465.78,1466.86,1465.38,1466.39,0
2025-11-27 13:00:00,1466.4,1466.5,1461.78,1461.78,0
2025-11-27 14:00:00,1461.68,1462.61,1460.58,1462.41,0
2025-11-27 15:00:00,1462.41,1465.09,1461.98,1464.67,0
2025-11-27 16:00:00,1464.67,1464.82,1461.05,1461.24,0
2025-11-27 17:00:00,1461.05,1463.0,1460.26,1461.11,0
2025-11-27 18:00:00,1461.11,1464.58,1460.38,1461.83,0
2025-11-27 19:00:00,1461.83,1462.23,1460.78,1461.05,0
2025-11-27 20:00:00,1461.1,1462.58,1460.78,1462.33,0
2025-11-27 21:00:00,1462.33,1462.81,1461.36,1462.02,0
2025-11-27 22:00:00,1462.04,1462.68,1460.38,1462.08,0
2025-11-27 23:00:00,1462.06,1463.02,1462.06,1462.54,0
2025-11-28 00:00:00,1462.54,1462.81,1461.9,1462.24,0
2025-11-28 01:00:00,1462.14,1462.71,1461.87,1462.17,0
2025-11-28 02:00:00,1462.19,1462.43,1462.1,1462.28,0
2025-11-28 03:00:00,1462.31,1462.45,1462.11,1462.14,0
2025-11-28 04:00:00,1462.14,1462.21,1462.08,1462.12,0
2025-11-28 05:00:00,1462.13,1462.4,1461.98,1462.25,0
2025-11-28 06:00:00,1462.26,1462.38,1462.12,1462.2,0
2025-11-28 07:00:00,1462.21,1462.37,1460.0,1462.31,0
2025-11-28 09:00:00,1462.32,1466.28,1460.98,1465.68,0
2025-11-28 10:00:00,1465.81,1467.08,1464.58,1465.1,0
2025-11-28 11:00:00,1465.05,1465.23,1463.38,1464.46,0
2025-11-28 12:00:00,1464.46,1464.86,1462.98,1464.38,0
2025-11-28 13:00:00,1464.57,1466.19,1464.18,1466.11,0
2025-11-28 14:00:00,1466.11,1469.08,1465.3,1468.18,0
2025-11-28 15:00:00,1468.18,1471.09,1467.0,1470.78,0
2025-11-28 16:00:00,1470.45,1472.4,1469.78,1471.61,0
2025-11-28 17:00:00,1471.61,1471.83,1470.15,1471.04,0
2025-11-28 18:00:00,1471.37,1471.69,1470.22,1470.89,0
2025-11-28 19:00:00,1470.89,1472.08,1469.08,1470.77,0
2025-11-28 20:00:00,1470.69,1471.67,1465.93,1469.8,0
2025-11-28 21:00:00,1469.82,1470.76,1468.48,1469.07,0
2025-11-28 22:00:00,1469.09,1470.61,1469.01,1469.27,0
2025-11-28 23:00:00,1470.22,1471.28,1468.54,1468.72,0
2025-11-29 00:00:00,1468.71,1468.91,1466.19,1466.19,0
2025-11-29 01:00:00,1466.35,1468.11,1466.23,1467.61,0
2025-11-29 02:00:00,1467.63,1468.27,1467.35,1467.35,0
2025-11-29 03:00:00,1467.33,1467.96,1466.98,1467.77,0
2025-11-29 04:00:00,1467.77,1468.09,1467.51,1467.59,0
2025-11-29 05:00:00,1467.78,1468.0,1467.52,1467.67,0
2025-11-29 06:00:00,1467.68,1467.75,1467.06,1467.32,0
2025-11-29 08:00:00,1467.32,1467.32,1467.32,1467.32,0
2025-12-01 09:00:00,1470.31,1470.31,1465.28,1467.68,0
2025-12-01 10:00:00,1467.68,1468.88,1466.58,1467.95,0
2025-12-01 11:00:00,1467.86,1470.72,1467.08,1470.28,0
2025-12-01 12:00:00,1470.42,1470.73,1469.18,1469.48,0
2025-12-01 13:00:00,1469.69,1470.34,1468.38,1470.34,0
2025-12-01 14:00:00,1470.18,1471.11,1469.78,1470.94,0
2025-12-01 15:00:00,1470.93,1471.61,1468.78,1469.08,0
2025-12-01 16:00:00,1469.18,1469.83,1468.28,1469.45,0
2025-12-01 17:00:00,1469.79,1470.19,1466.88,1468.17,0
2025-12-01 18:00:00,1467.28,1470.12,1467.1,1469.63,0
2025-12-01 19:00:00,1469.29,1469.73,1468.52,1468.74,0
2025-12-01 20:00:00,1468.97,1469.28,1467.6,1467.98,0
2025-12-01 21:00:00,1468.01,1468.03,1465.08,1465.14,0
2025-12-01 22:00:00,1465.1,1467.52,1464.64,1465.79,0
2025-12-01 23:00:00,1465.75,1466.91,1465.74,1466.29,0
2025-12-02 00:00:00,1466.36,1467.25,1466.36,1466.43,0
2025-12-02 01:00:00,1466.49,1469.04,1466.42,1467.58,0
2025-12-02 02:00:00,1467.58,1469.02,1467.58,1468.98,0
2025-12-02 03:00:00,1468.98,1470.09,1468.51,1469.35,0
2025-12-02 04:00:00,1469.34,1470.02,1469.0,1469.91,0
2025-12-02 05:00:00,1469.92,1470.21,1469.55,1469.83,0
2025-12-02 06:00:00,1469.83,1471.85,1469.78,1470.98,0
2025-12-02 07:00:00,1471.6,1471.6,1468.05,1471.18,0
2025-12-02 09:00:00,1471.19,1472.98,1469.28,1469.68,0
2025-12-02 10:00:00,1469.68,1471.28,1468.98,1469.41,0
2025-12-02 11:00:00,1469.43,1469.98,1467.48,1468.18,0
2025-12-02 12:00:00,1468.18,1468.76,1466.98,1467.48,0
2025-12-02 13:00:00,1467.48,1468.18,1466.18,1467.78,0
2025-12-02 14:00:00,1468.05,1468.68,1467.58,1468.33,0
2025-12-02 15:00:00,1468.31,1469.26,1467.68,1468.24,0
2025-12-02 16:00:00,1468.22,1468.43,1467.58,1468.24,0
2025-12-02 17:00:00,1468.24,1469.56,1467.9,1468.89,0
2025-12-02 18:00:00,1468.89,1468.98,1467.51,1468.29,0
2025-12-02 19:00:00,1468.3,1469.22,1467.82,1469.05,0
2025-12-02 20:00:00,1469.02,1469.11,1466.08,1468.72,0
2025-12-02 21:00:00,1468.73,1468.98,1466.08,1467.85,0
2025-12-02 22:00:00,1467.85,1468.12,1467.35,1467.35,0
2025-12-02 23:00:00,1467.35,1467.87,1466.08,1467.3,0
2025-12-03 00:00:00,1467.2,1468.52,1466.08,1468.22,0
2025-12-03 01:00:00,1468.21,1469.26,1466.08,1469.22,0
2025-12-03 02:00:00,1469.21,1469.22,1468.23,1468.73,0
2025-12-03 03:00:00,1468.71,1469.49,1468.62,1469.02,0
2025-12-03 04:00:00,1468.97,1468.97,1468.01,1468.02,0
2025-12-03 05:00:00,1468.03,1468.14,1467.1,1467.43,0
2025-12-03 06:00:00,1467.44,1469.63,1467.44,1468.45,0
2025-12-03 07:00:00,1468.36,1468.83,1468.27,1468.37,0
2025-12-03 08:00:00,1468.37,1468.37,1468.37,1468.37,0
2025-12-03 09:00:00,1468.37,1468.37,1466.18,1468.09,0
2025-12-03 10:00:00,1468.09,1470.74,1467.18,1470.48,0
2025-12-03 11:00:00,1470.34,1471.14,1468.88,1468.98,0
2025-12-03 12:00:00,1468.78,1470.79,1468.78,1469.29,0
2025-12-03 13:00:00,1469.37,1470.35,1469.08,1469.63,0
2025-12-03 14:00:00,1469.64,1469.68,1467.88,1468.97,0
2025-12-03 15:00:00,1469.02,1469.25,1467.48,1468.55,0
2025-12-03 16:00:00,1468.55,1468.55,1467.08,1467.86,0
2025-12-03 17:00:00,1467.84,1467.85,1464.93,1465.43,0
2025-12-03 18:00:00,1465.43,1466.9,1465.23,1465.38,0
2025-12-03 19:00:00,1465.4,1465.82,1464.2,1465.2,0
2025-12-03 20:00:00,1465.39,1465.96,1463.78,1464.71,0
2025-12-03 21:00:00,1464.71,1465.76,1463.78,1464.51,0
2025-12-03 22:00:00,1464.52,1465.12,1463.15,1464.57,0
2025-12-03 23:00:00,1464.23,1468.32,1464.19,1465.95,0
2025-12-04 00:00:00,1465.9,1466.64,1464.23,1464.75,0
2025-12-04 01:00:00,1464.73,1466.48,1464.6,1465.93,0
2025-12-04 02:00:00,1465.92,1466.11,1465.64,1465.77,0
2025-12-04 03:00:00,1465.79,1465.9,1465.0,1465.56,0
2025-12-04 04:00:00,1465.57,1465.73,1465.0,1465.73,0
2025-12-04 05:00:00,1465.67,1465.9,1465.33,1465.85,0
2025-12-04 06:00:00,1465.84,1466.68,1465.84,1466.0,0
2025-12-04 07:00:00,1466.02,1466.21,1465.99,1466.06,0
2025-12-04 08:00:00,1466.06,1466.06,1466.06,1466.06,0
2025-12-04 09:00:00,1466.79,1467.54,1464.28,1467.34,0
2025-12-04 10:00:00,1467.28,1470.48,1467.18,1470.08,0
2025-12-04 11:00:00,1470.18,1471.37,1469.78,1470.22,0
2025-12-04 12:00:00,1470.23,1473.16,1469.68,1472.28,0
2025-12-04 13:00:00,1472.38,1474.13,1472.18,1473.58,0
2025-12-04 14:00:00,1473.48,1474.08,1472.18,1472.48,0
2025-12-04 15:00:00,1472.61,1474.01,1471.78,1472.74,0
2025-12-04 16:00:00,1472.76,1473.09,1470.36,1470.49,0
2025-12-04 17:00:00,1470.42,1471.44,1469.46,1471.44,0
2025-12-04 18:00:00,1471.43,1472.63,1471.05,1471.52,0
2025-12-04 19:00:00,1471.49,1472.55,1469.78,1471.16,0
2025-12-04 20:00:00,1471.49,1473.16,1469.88,1470.89,0
2025-12-04 21:00:00,1470.81,1473.24,1468.88,1471.89,0
2025-12-04 22:00:00,1471.89,1473.2,1471.24,1472.4,0
2025-12-04 23:00:00,1472.39,1472.57,1471.06,1472.31,0
2025-12-05 00:00:00,1472.3,1472.9,1470.26,1472.66,0
2025-12-05 01:00:00,1472.62,1473.63,1472.62,1473.21,0
2025-12-05 02:00:00,1473.2,1473.54,1473.15,1473.16,0
2025-12-05 03:00:00,1473.15,1473.39,1473.06,1473.24,0
2025-12-05 04:00:00,1473.23,1474.06,1473.2,1473.55,0
2025-12-05 05:00:00,1473.54,1474.55,1473.54,1474.43,0
2025-12-05 06:00:00,1474.43,1474.6,1474.32,1474.48,0
2025-12-05 07:00:00,1474.54,1474.59,1472.26,1473.35,0
2025-12-05 08:00:00,1473.35,1473.35,1473.35,1473.35,0
2025-12-05 09:00:00,1473.35,1474.83,1472.38,1473.76,0
2025-12-05 10:00:00,1473.38,1473.68,1469.48,1470.18,0
2025-12-05 11:00:00,1470.08,1471.35,1469.68,1471.28,0
2025-12-05 12:00:00,1471.18,1473.72,1471.18,1473.68,0
2025-12-05 13:00:00,1473.7,1473.78,1471.98,1472.18,0
2025-12-05 14:00:00,1472.15,1472.18,1469.28,1469.78,0
2025-12-05 15:00:00,1469.78,1470.45,1467.68,1468.98,0
2025-12-05 16:00:00,1469.08,1470.23,1467.58,1470.2,0
2025-12-05 17:00:00,1470.19,1471.05,1469.84,1470.93,0
2025-12-05 18:00:00,1470.93,1472.31,1469.88,1469.88,0
2025-12-05 19:00:00,1470.62,1473.12,1469.78,1472.44,0
2025-12-05 20:00:00,1472.4,1473.06,1469.78,1472.85,0
2025-12-05 21:00:00,1472.85,1473.01,1469.78,1472.33,0
2025-12-05 22:00:00,1472.27,1472.67,1471.97,1472.65,0
2025-12-05 23:00:00,1472.65,1472.79,1471.49,1471.7,0
2025-12-06 00:00:00,1471.71,1472.27,1469.98,1471.56,0
2025-12-06 01:00:00,1471.7,1473.84,1471.49,1472.54,0
2025-12-06 02:00:00,1472.57,1472.85,1472.24,1472.61,0
2025-12-06 03:00:00,1472.58,1472.85,1472.0,1472.82,0
2025-12-06 04:00:00,1472.82,1473.38,1472.78,1473.17,0
2025-12-06 05:00:00,1473.15,1473.37,1472.82,1473.18,0
2025-12-06 06:00:00,1473.14,1473.47,1472.98,1473.36,0
2025-12-08 09:00:00,1472.78,1473.29,1469.58,1470.45,0
2025-12-08 10:00:00,1469.58,1471.16,1468.48,1469.36,0
2025-12-08 11:00:00,1468.68,1470.49,1467.08,1467.58,0
2025-12-08 12:00:00,1467.58,1470.87,1466.98,1469.92,0
2025-12-08 13:00:00,1469.88,1470.84,1469.08,1469.38,0
2025-12-08 14:00:00,1469.44,1470.6,1466.18,1466.97,0
2025-12-08 15:00:00,1466.97,1467.52,1465.38,1466.68,0
2025-12-08 16:00:00,1466.68,1468.28,1466.18,1467.94,0
2025-12-08 17:00:00,1467.94,1469.83,1466.38,1467.43,0
2025-12-08 18:00:00,1467.41,1469.43,1466.21,1467.2,0
2025-12-08 19:00:00,1467.2,1468.75,1466.38,1466.6,0
2025-12-08 20:00:00,1466.61,1468.79,1466.28,1468.44,0
2025-12-08 21:00:00,1468.6,1468.7,1464.88,1466.52,0
2025-12-08 22:00:00,1466.52,1468.3,1465.5,1466.7,0
2025-12-08 23:00:00,1466.69,1468.49,1464.88,1467.28,0
2025-12-09 00:00:00,1467.23,1469.96,1467.23,1469.01,0
2025-12-09 01:00:00,1469.01,1469.99,1468.25,1469.23,0
2025-12-09 02:00:00,1469.23,1469.86,1468.54,1468.56,0
2025-12-09 03:00:00,1468.55,1469.5,1468.22,1468.88,0
2025-12-09 04:00:00,1469.49,1469.53,1468.38,1469.12,0
2025-12-09 05:00:00,1469.12,1469.56,1468.68,1468.93,0
2025-12-09 06:00:00,1468.87,1469.65,1468.76,1469.61,0
2025-12-09 07:00:00,1469.5,1469.62,1468.08,1469.42,0
2025-12-09 09:00:00,1469.41,1471.18,1468.08,1470.95,0
2025-12-09 10:00:00,1470.98,1471.08,1468.66,1469.38,0
2025-12-09 11:00:00,1469.28,1471.29,1469.18,1470.76,0
2025-12-09 12:00:00,1470.76,1471.04,1469.28,1469.97,0
2025-12-09 13:00:00,1469.99,1470.24,1468.78,1469.98,0
2025-12-09 14:00:00,1469.98,1471.4,1469.58,1470.79,0
2025-12-09 15:00:00,1470.79,1472.38,1465.38,1466.28,0
2025-12-09 16:00:00,1466.48,1469.29,1466.28,1468.62,0
2025-12-09 17:00:00,1468.8,1469.93,1468.24,1468.45,0
2025-12-09 18:00:00,1468.54,1468.97,1466.61,1467.7,0
2025-12-09 19:00:00,1467.7,1468.45,1466.78,1467.77,0
2025-12-09 20:00:00,1467.63,1468.52,1466.78,1468.01,0
2025-12-09 21:00:00,1467.46,1469.12,1467.38,1468.63,0
2025-12-09 22:00:00,1468.48,1469.53,1468.16,1468.99,0
2025-12-09 23:00:00,1469.06,1469.99,1468.46,1468.46,0
2025-12-10 00:00:00,1468.46,1470.95,1468.46,1470.39,0
2025-12-10 01:00:00,1470.31,1470.61,1469.23,1469.23,0
2025-12-10 02:00:00,1469.38,1470.74,1469.24,1470.64,0
2025-12-10 03:00:00,1470.63,1470.68,1469.49,1469.51,0
2025-12-10 04:00:00,1469.98,1470.69,1469.0,1469.96,0
2025-12-10 05:00:00,1470.01,1470.14,1469.35,1469.42,0
2025-12-10 06:00:00,1469.7,1470.3,1469.41,1469.53,0
2025-12-10 07:00:00,1469.53,1470.15,1468.71,1468.92,0
2025-12-10 08:00:00,1468.92,1468.92,1468.92,1468.92,0
2025-12-10 09:00:00,1468.83,1470.2,1468.18,1469.48,0
2025-12-10 10:00:00,1469.48,1470.66,1468.58,1470.08,0
2025-12-10 11:00:00,1470.14,1471.92,1469.48,1471.78,0
2025-12-10 12:00:00,1471.84,1472.32,1470.67,1472.11,0
2025-12-10 13:00:00,1472.08,1472.2,1470.08,1470.98,0
2025-12-10 14:00:00,1470.78,1471.31,1470.17,1470.95,0
2025-12-10 15:00:00,1470.78,1471.28,1468.78,1469.67,0
2025-12-10 16:00:00,1469.67,1471.2,1469.28,1469.48,0
2025-12-10 17:00:00,1469.38,1470.46,1469.38,1470.3,0
2025-12-10 18:00:00,1470.35,1470.86,1469.64,1470.02,0
2025-12-10 19:00:00,1470.03,1470.53,1469.62,1470.06,0
2025-12-10 20:00:00,1470.06,1470.18,1468.58,1469.36,0
2025-12-10 21:00:00,1469.35,1469.99,1468.68,1469.72,0
2025-12-10 22:00:00,1469.72,1470.68,1468.68,1470.11,0
2025-12-10 23:00:00,1470.1,1470.96,1469.58,1470.1,0
2025-12-11 00:00:00,1469.94,1471.16,1469.68,1470.39,0
2025-12-11 01:00:00,1470.47,1470.92,1468.78,1470.19,0
2025-12-11 02:00:00,1470.16,1470.28,1469.21,1469.44,0
2025-12-11 03:00:00,1469.34,1470.23,1469.16,1470.08,0
2025-12-11 04:00:00,1470.05,1470.05,1466.07,1466.1,0
2025-12-11 05:00:00,1466.09,1469.17,1464.0,1468.74,0
2025-12-11 06:00:00,1468.73,1468.93,1464.23,1468.92,0
2025-12-11 07:00:00,1468.92,1469.99,1468.92,1469.95,0
2025-12-11 09:00:00,1469.95,1469.95,1463.48,1466.98,0
2025-12-11 10:00:00,1467.08,1468.92,1465.88,1467.78,0
2025-12-11 11:00:00,1467.78,1471.0,1467.38,1470.68,0
2025-12-11 12:00:00,1470.48,1472.81,1470.48,1472.0,0
2025-12-11 13:00:00,1472.48,1472.92,1471.21,1472.73,0
2025-12-11 14:00:00,1472.75,1473.5,1471.27,1472.66,0
2025-12-11 15:00:00,1472.54,1473.88,1471.34,1472.61,0
2025-12-11 16:00:00,1472.53,1473.41,1471.07,1473.03,0
2025-12-11 17:00:00,1473.1,1473.47,1470.8,1471.72,0
2025-12-11 18:00:00,1471.81,1473.46,1470.85,1471.29,0
2025-12-11 19:00:00,1471.47,1473.21,1470.82,1472.26,0
2025-12-11 20:00:00,1472.29,1472.59,1470.88,1471.91,0
2025-12-11 21:00:00,1471.55,1472.57,1470.48,1471.85,0
2025-12-11 22:00:00,1471.85,1471.85,1469.78,1470.18,0
2025-12-11 23:00:00,1470.18,1470.83,1468.34,1470.39,0
2025-12-12 00:00:00,1470.89,1471.2,1468.54,1468.55,0
2025-12-12 01:00:00,1468.56,1472.04,1468.39,1471.19,0
2025-12-12 02:00:00,1471.36,1472.28,1470.65,1472.28,0
2025-12-12 03:00:00,1472.46,1472.69,1470.93,1471.78,0
2025-12-12 04:00:00,1472.12,1472.49,1470.86,1471.6,0
2025-12-12 05:00:00,1472.03,1472.38,1470.9,1471.97,0
2025-12-12 06:00:00,1471.95,1473.01,1470.78,1471.14,0
2025-12-12 07:00:00,1471.15,1472.35,1469.29,1472.35,0
2025-12-12 09:00:00,1471.73,1472.98,1470.18,1472.58,0
2025-12-12 10:00:00,1472.48,1473.48,1470.85,1471.92,0
2025-12-12 11:00:00,1471.78,1473.63,1470.98,1473.53,0
2025-12-12 12:00:00,1473.55,1473.94,1471.92,1473.31,0
2025-12-12 13:00:00,1472.18,1473.6,1471.92,1472.98,0
2025-12-12 14:00:00,1472.98,1473.6,1471.78,1473.18,0
2025-12-12 15:00:00,1473.18,1475.28,1471.95,1475.08,0
2025-12-12 16:00:00,1475.38,1476.76,1473.0,1476.37,0
2025-12-12 17:00:00,1476.37,1476.84,1473.0,1476.4,0
2025-12-12 18:00:00,1476.39,1478.5,1473.0,1477.51,0
2025-12-12 19:00:00,1477.51,1478.76,1473.8,1476.85,0
2025-12-12 20:00:00,1476.85,1477.3,1473.67,1475.55,0
2025-12-12 21:00:00,1476.64,1477.36,1473.94,1474.23,0
2025-12-12 22:00:00,1474.23,1477.45,1473.75,1476.69,0
2025-12-12 23:00:00,1474.51,1477.61,1473.98,1476.34,0
2025-12-13 00:00:00,1475.43,1479.57,1474.16,1478.41,0
2025-12-13 01:00:00,1478.44,1479.35,1475.06,1477.65,0
2025-12-13 02:00:00,1477.7,1477.96,1474.96,1475.14,0
2025-12-13 03:00:00,1475.14,1477.59,1474.69,1474.95,0
2025-12-13 04:00:00,1475.97,1477.15,1474.78,1475.64,0
2025-12-13 05:00:00,1476.02,1476.74,1474.71,1476.51,0
2025-12-13 06:00:00,1476.57,1476.65,1474.2,1474.6,0
2025-12-13 07:00:00,1474.6,1474.6,1474.6,1474.6,0
2025-12-15 09:00:00,1474.52,1477.51,1474.01,1477.05,0
2025-12-15 10:00:00,1476.99,1477.68,1476.08,1476.93,0
2025-12-15 11:00:00,1476.45,1476.99,1475.22,1476.38,0
2025-12-15 12:00:00,1476.48,1477.61,1474.15,1474.68,0
2025-12-15 13:00:00,1474.78,1475.82,1471.58,1472.36,0
2025-12-15 14:00:00,1472.38,1472.42,1469.78,1470.88,0
2025-12-15 15:00:00,1470.98,1472.03,1469.68,1471.84,0
2025-12-15 16:00:00,1471.89,1473.77,1471.08,1473.52,0
2025-12-15 17:00:00,1473.52,1473.65,1472.03,1472.11,0
2025-12-15 18:00:00,1472.17,1472.7,1462.59,1463.89,0
2025-12-15 19:00:00,1463.88,1465.61,1463.81,1464.82,0
2025-12-15 20:00:00,1464.84,1465.4,1463.97,1464.07,0
2025-12-15 21:00:00,1464.05,1465.14,1463.38,1464.5,0
2025-12-15 22:00:00,1464.45,1469.2,1464.34,1467.84,0
2025-12-15 23:00:00,1466.88,1469.43,1465.52,1467.11,0
2025-12-16 00:00:00,1467.02,1469.96,1466.91,1467.93,0
2025-12-16 01:00:00,1467.49,1469.87,1466.65,1468.76,0
2025-12-16 02:00:00,1467.48,1469.76,1467.48,1469.18,0
2025-12-16 03:00:00,1469.18,1469.79,1468.97,1469.15,0
2025-12-16 04:00:00,1469.19,1469.8,1467.37,1468.57,0
2025-12-16 05:00:00,1468.53,1469.69,1467.91,1469.17,0
2025-12-16 06:00:00,1468.96,1469.72,1468.02,1468.52,0
2025-12-16 07:00:00,1468.81,1469.94,1467.82,1467.82,0
2025-12-16 09:00:00,1468.38,1470.55,1467.68,1469.78,0
2025-12-16 10:00:00,1469.58,1471.98,1468.28,1470.18,0
2025-12-16 11:00:00,1470.28,1471.89,1470.08,1471.28,0
2025-12-16 12:00:00,1471.28,1474.37,1470.58,1474.08,0
2025-12-16 13:00:00,1474.28,1475.14,1472.8,1474.88,0
2025-12-16 14:00:00,1474.88,1475.97,1472.85,1475.64,0
2025-12-16 15:00:00,1475.38,1477.18,1474.08,1474.62,0
2025-12-16 16:00:00,1474.48,1475.98,1474.18,1475.88,0
2025-12-16 17:00:00,1475.32,1476.28,1473.22,1474.55,0
2025-12-16 18:00:00,1474.55,1476.17,1471.9,1474.0,0
2025-12-16 19:00:00,1474.62,1475.98,1471.52,1472.02,0
2025-12-16 20:00:00,1473.09,1475.41,1471.65,1474.02,0
2025-12-16 21:00:00,1473.8,1474.55,1471.39,1473.27,0
2025-12-16 22:00:00,1473.28,1475.2,1471.03,1473.48,0
2025-12-16 23:00:00,1473.45,1473.67,1470.78,1470.92,0
2025-12-17 00:00:00,1470.83,1474.01,1470.53,1472.81,0
2025-12-17 01:00:00,1472.82,1473.53,1471.81,1472.29,0
2025-12-17 02:00:00,1472.46,1473.14,1471.62,1473.14,0
2025-12-17 03:00:00,1473.14,1474.4,1472.01,1473.22,0
2025-12-17 04:00:00,1473.61,1475.0,1472.04,1473.45,0
2025-12-17 05:00:00,1473.57,1474.54,1472.06,1473.79,0
2025-12-17 06:00:00,1473.87,1475.89,1472.24,1472.92,0
2025-12-17 07:00:00,1472.92,1476.06,1472.31,1472.59,0
2025-12-17 08:00:00,1472.59,1472.59,1472.59,1472.59,0
2025-12-17 09:00:00,1473.59,1476.48,1472.58,1476.26,0
2025-12-17 10:00:00,1476.08,1477.08,1475.18,1476.48,0
2025-12-17 11:00:00,1476.59,1482.18,1476.38,1480.58,0
2025-12-17 12:00:00,1480.28,1480.76,1474.6,1480.4,0
2025-12-17 13:00:00,1480.42,1481.71,1479.38,1479.98,0
2025-12-17 14:00:00,1479.88,1480.42,1478.18,1479.48,0
2025-12-17 15:00:00,1479.72,1479.98,1478.48,1479.45,0
2025-12-17 16:00:00,1479.33,1480.33,1478.48,1479.23,0
2025-12-17 17:00:00,1479.23,1479.56,1475.8,1478.85,0
2025-12-17 18:00:00,1478.89,1479.45,1475.79,1477.88,0
2025-12-17 19:00:00,1478.57,1479.43,1476.23,1477.8,0
2025-12-17 20:00:00,1478.72,1479.93,1476.25,1479.49,0
2025-12-17 21:00:00,1479.49,1479.68,1476.24,1479.18,0
2025-12-17 22:00:00,1479.16,1479.52,1471.83,1473.46,0
2025-12-17 23:00:00,1473.38,1474.59,1472.5,1473.23,0
2025-12-18 00:00:00,1473.47,1475.15,1471.48,1474.85,0
2025-12-18 01:00:00,1474.84,1477.23,1473.78,1473.78,0
2025-12-18 02:00:00,1473.77,1476.13,1473.77,1475.57,0
2025-12-18 03:00:00,1475.75,1477.12,1474.65,1476.98,0
2025-12-18 04:00:00,1476.98,1477.41,1475.01,1476.9,0
2025-12-18 05:00:00,1476.9,1477.54,1475.2,1477.28,0
2025-12-18 06:00:00,1477.25,1477.59,1474.85,1475.13,0
2025-12-18 07:00:00,1475.26,1475.31,1474.87,1474.91,0
2025-12-18 08:00:00,1474.91,1474.91,1474.91,1474.91,0
2025-12-18 09:00:00,1474.91,1478.38,1474.91,1478.22,0
2025-12-18 10:00:00,1478.21,1479.38,1472.28,1474.86,0
2025-12-18 11:00:00,1474.68,1477.87,1473.68,1477.81,0
2025-12-18 12:00:00,1477.78,1478.65,1476.11,1477.78,0
2025-12-18 13:00:00,1477.88,1478.35,1475.93,1477.77,0
2025-12-18 14:00:00,1477.61,1478.14,1475.99,1477.72,0
2025-12-18 15:00:00,1477.73,1478.6,1476.16,1478.14,0
2025-12-18 16:00:00,1478.18,1479.6,1476.82,1479.53,0
2025-12-18 17:00:00,1479.52,1479.62,1475.29,1475.97,0
2025-12-18 18:00:00,1476.1,1477.08,1475.1,1476.38,0
2025-12-18 19:00:00,1475.42,1477.34,1475.33,1475.93,0
2025-12-18 20:00:00,1476.11,1477.09,1475.18,1475.98,0
2025-12-18 21:00:00,1476.01,1477.29,1475.33,1477.03,0
2025-12-18 22:00:00,1477.03,1477.85,1471.83,1473.2,0
2025-12-18 23:00:00,1473.2,1474.07,1472.29,1473.45,0
2025-12-19 00:00:00,1473.46,1475.18,1473.26,1474.35,0
2025-12-19 01:00:00,1475.29,1475.66,1472.62,1472.65,0
2025-12-19 02:00:00,1472.64,1476.29,1472.62,1476.09,0
2025-12-19 03:00:00,1476.1,1476.21,1474.98,1475.61,0
2025-12-19 04:00:00,1475.62,1475.82,1475.2,1475.45,0
2025-12-19 05:00:00,1475.43,1475.88,1475.1,1475.77,0
2025-12-19 06:00:00,1475.75,1476.29,1473.59,1475.49,0
2025-12-19 07:00:00,1475.48,1475.54,1473.84,1475.21,0
2025-12-19 08:00:00,1475.21,1475.21,1475.21,1475.21,0
2025-12-19 09:00:00,1475.28,1477.29,1473.48,1473.68,0
2025-12-19 10:00:00,1473.68,1478.3,1473.38,1477.98,0
2025-12-19 11:00:00,1477.98,1478.64,1477.28,1478.48,0
2025-12-19 12:00:00,1478.5,1478.99,1477.78,1478.58,0
2025-12-19 13:00:00,1478.52,1479.1,1477.38,1478.25,0
2025-12-19 14:00:00,1478.29,1478.72,1477.78,1478.52,0
2025-12-19 15:00:00,1478.52,1479.14,1475.78,1478.38,0
2025-12-19 16:00:00,1478.62,1479.24,1476.93,1478.17,0
2025-12-19 17:00:00,1478.18,1478.97,1476.95,1477.83,0
2025-12-19 18:00:00,1477.44,1478.71,1475.78,1478.19,0
2025-12-19 19:00:00,1478.12,1478.38,1477.7,1478.27,0
2025-12-19 20:00:00,1478.07,1478.45,1476.18,1478.3,0
2025-12-19 21:00:00,1478.31,1478.59,1478.15,1478.31,0
2025-12-19 22:00:00,1478.31,1478.78,1476.28,1476.47,0
2025-12-19 23:00:00,1476.32,1478.32,1475.43,1476.28,0
2025-12-20 00:00:00,1476.79,1478.47,1475.66,1478.02,0
2025-12-20 01:00:00,1478.1,1478.48,1475.89,1477.04,0
2025-12-20 02:00:00,1477.16,1477.34,1476.05,1476.05,0
2025-12-20 03:00:00,1476.44,1476.83,1474.98,1476.03,0
2025-12-20 04:00:00,1476.05,1476.23,1475.61,1475.86,0
2025-12-20 05:00:00,1475.88,1476.02,1475.67,1475.78,0
2025-12-20 06:00:00,1475.74,1475.77,1475.32,1475.46,0
2025-12-20 07:00:00,1475.46,1475.46,1475.46,1475.46,0
2025-12-22 09:00:00,1477.54,1477.68,1475.43,1476.62,0
2025-12-22 10:00:00,1476.48,1477.7,1475.66,1477.36,0
2025-12-22 11:00:00,1477.2,1479.7,1475.93,1479.28,0
2025-12-22 12:00:00,1479.08,1481.22,1479.08,1480.58,0
2025-12-22 13:00:00,1480.74,1481.62,1479.98,1480.76,0
2025-12-22 14:00:00,1480.77,1481.07,1479.48,1479.98,0
2025-12-22 15:00:00,1479.79,1480.59,1478.58,1479.97,0
2025-12-22 16:00:00,1479.97,1479.97,1479.19,1479.75,0
2025-12-22 17:00:00,1479.72,1480.86,1477.28,1479.7,0
2025-12-22 18:00:00,1479.7,1480.76,1477.62,1480.21,0
2025-12-22 19:00:00,1480.21,1480.83,1477.71,1479.14,0
2025-12-22 20:00:00,1480.51,1480.71,1477.73,1479.09,0
2025-12-22 21:00:00,1479.09,1481.3,1477.71,1480.41,0
2025-12-22 22:00:00,1478.28,1481.35,1477.83,1480.1,0
2025-12-22 23:00:00,1480.23,1481.06,1477.99,1478.04,0
2025-12-23 00:00:00,1478.04,1481.78,1477.83,1480.37,0
2025-12-23 01:00:00,1480.32,1481.04,1478.17,1480.1,0
2025-12-23 02:00:00,1480.11,1480.11,1478.11,1479.9,0
2025-12-23 03:00:00,1479.89,1480.68,1478.15,1479.3,0
2025-12-23 04:00:00,1480.02,1480.23,1478.16,1479.59,0
2025-12-23 05:00:00,1479.14,1480.09,1478.11,1479.88,0
2025-12-23 06:00:00,1479.92,1481.28,1478.16,1479.62,0
2025-12-23 07:00:00,1479.42,1479.99,1477.75,1477.81,0
2025-12-23 08:00:00,1477.81,1477.81,1477.81,1477.81,0
2025-12-23 09:00:00,1477.82,1483.98,1477.82,1483.68,0
2025-12-23 10:00:00,1483.58,1484.03,1482.88,1483.7,0
2025-12-23 11:00:00,1483.38,1484.18,1482.16,1483.86,0
2025-12-23 12:00:00,1483.86,1484.31,1482.2,1483.93,0
2025-12-23 13:00:00,1483.74,1484.12,1482.23,1483.96,0
2025-12-23 14:00:00,1483.96,1484.04,1482.2,1483.78,0
2025-12-23 15:00:00,1483.88,1484.5,1482.22,1484.26,0
2025-12-23 16:00:00,1484.27,1484.48,1481.4,1482.43,0
2025-12-23 17:00:00,1482.59,1482.88,1479.21,1481.28,0
2025-12-23 18:00:00,1481.81,1481.81,1479.05,1481.29,0
2025-12-23 19:00:00,1479.36,1481.38,1478.9,1481.18,0
2025-12-23 20:00:00,1481.18,1481.62,1479.2,1481.45,0
2025-12-23 21:00:00,1479.56,1481.69,1479.32,1481.41,0
2025-12-23 22:00:00,1479.74,1483.21,1479.47,1483.01,0
2025-12-23 23:00:00,1483.22,1484.08,1480.38,1483.2,0
2025-12-24 00:00:00,1483.38,1483.46,1479.82,1480.38,0
2025-12-24 01:00:00,1482.79,1483.03,1479.62,1480.51,0
2025-12-24 02:00:00,1480.52,1482.25,1479.6,1480.94,0
2025-12-24 03:00:00,1481.45,1482.23,1479.75,1481.84,0
2025-12-24 04:00:00,1481.85,1482.02,1479.52,1480.93,0
2025-12-24 05:00:00,1481.13,1481.59,1479.57,1480.75,0
2025-12-24 06:00:00,1480.95,1481.07,1479.5,1479.84,0
2025-12-24 07:00:00,1480.01,1482.72,1479.49,1479.7,0
2025-12-24 09:00:00,1479.7,1479.7,1459.68,1460.57,0
2025-12-24 10:00:00,1460.46,1464.39,1458.88,1463.58,0
2025-12-24 11:00:00,1463.67,1464.63,1461.88,1463.38,0
2025-12-24 12:00:00,1463.38,1464.77,1462.68,1463.59,0
2025-12-24 13:00:00,1463.59,1463.59,1454.78,1456.6,0
2025-12-24 14:00:00,1456.25,1456.88,1449.98,1452.68,0
2025-12-24 15:00:00,1452.68,1454.48,1448.38,1454.37,0
2025-12-24 16:00:00,1454.37,1458.4,1453.81,1456.99,0
2025-12-24 17:00:00,1457.91,1458.11,1453.07,1453.72,0
2025-12-24 18:00:00,1453.74,1456.65,1445.01,1447.52,0
2025-12-24 19:00:00,1446.99,1450.34,1446.9,1450.1,0
2025-12-24 20:00:00,1449.42,1451.31,1448.49,1448.92,0
2025-12-24 21:00:00,1448.81,1450.36,1447.65,1448.06,0
2025-12-24 22:00:00,1449.99,1451.28,1447.15,1447.48,0
2025-12-24 23:00:00,1449.37,1450.77,1446.78,1448.81,0
2025-12-25 00:00:00,1448.81,1449.68,1445.91,1446.87,0
2025-12-25 01:00:00,1446.88,1449.2,1443.37,1445.75,0
2025-12-25 02:00:00,1443.55,1445.86,1443.32,1443.4,0
2025-12-25 03:00:00,1443.37,1446.06,1443.37,1444.87,0
2025-12-25 04:00:00,1444.87,1446.03,1443.9,1445.88,0
2025-12-25 05:00:00,1445.88,1446.08,1444.2,1446.02,0
2025-12-25 06:00:00,1446.02,1446.02,1444.07,1445.94,0
2025-12-25 07:00:00,1446.02,1446.94,1445.31,1446.94,0
2025-12-25 09:00:00,1446.94,1448.22,1446.06,1448.21,0
2025-12-25 10:00:00,1448.21,1448.21,1445.58,1448.07,0
2025-12-25 11:00:00,1448.07,1448.07,1443.98,1444.02,0
2025-12-25 12:00:00,1443.98,1446.5,1443.92,1444.37,0
2025-12-25 13:00:00,1444.36,1446.2,1443.97,1445.57,0
2025-12-25 14:00:00,1445.57,1446.52,1444.46,1445.17,0
2025-12-25 15:00:00,1444.72,1446.5,1444.22,1445.37,0
2025-12-25 16:00:00,1445.36,1446.35,1444.76,1446.35,0
2025-12-25 17:00:00,1446.32,1446.32,1446.32,1446.32,0
2025-12-25 18:00:00,1447.7,1447.7,1447.7,1447.7,0
2025-12-25 19:00:00,1446.3,1446.3,1443.99,1444.01,0
2025-12-25 20:00:00,1444.0,1447.07,1443.98,1444.01,0
2025-12-25 21:00:00,1444.0,1447.54,1443.97,1445.64,0
2025-12-25 22:00:00,1446.03,1447.34,1445.01,1445.63,0
2025-12-26 00:00:00,1446.03,1446.59,1446.03,1446.59,0
2025-12-26 01:00:00,1446.6,1446.6,1446.6,1446.6,0
2025-12-26 05:00:00,1446.34,1446.34,1446.08,1446.08,0
2025-12-26 06:00:00,1446.32,1447.49,1445.1,1445.92,0
2025-12-26 07:00:00,1445.93,1447.55,1445.93,1447.32,0
2025-12-26 09:00:00,1447.34,1454.08,1447.34,1451.27,0
2025-12-26 10:00:00,1450.38,1451.21,1441.08,1441.08,0
2025-12-26 11:00:00,1441.08,1441.88,1428.78,1432.78,0
2025-12-26 12:00:00,1433.08,1435.58,1431.68,1432.38,0
2025-12-26 13:00:00,1432.28,1438.73,1432.08,1436.75,0
2025-12-26 14:00:00,1436.58,1442.52,1436.48,1441.68,0
2025-12-26 15:00:00,1441.78,1446.79,1439.98,1444.19,0
2025-12-26 16:00:00,1444.23,1447.08,1443.88,1444.5,0
2025-12-26 17:00:00,1444.48,1445.53,1443.16,1445.12,0
2025-12-26 18:00:00,1444.45,1446.67,1442.92,1444.82,0
2025-12-26 19:00:00,1444.82,1446.78,1444.03,1444.47,0
2025-12-26 20:00:00,1444.48,1445.67,1443.98,1444.92,0
2025-12-26 21:00:00,1444.92,1447.11,1444.02,1445.12,0
2025-12-26 22:00:00,1445.07,1446.14,1443.44,1443.83,0
2025-12-26 23:00:00,1443.65,1444.69,1441.7,1442.18,0
2025-12-27 00:00:00,1442.06,1444.0,1441.12,1442.26,0
2025-12-27 01:00:00,1440.95,1443.45,1438.36,1442.72,0
2025-12-27 02:00:00,1441.0,1444.39,1440.88,1443.52,0
2025-12-27 03:00:00,1443.08,1443.49,1440.67,1443.04,0
2025-12-27 04:00:00,1440.93,1443.07,1438.16,1441.9,0
2025-12-27 05:00:00,1441.95,1442.49,1437.52,1441.04,0
2025-12-27 06:00:00,1440.47,1443.17,1439.23,1441.96,0
2025-12-29 09:00:00,1441.88,1442.83,1434.08,1435.13,0
2025-12-29 10:00:00,1435.15,1435.38,1432.38,1432.98,0
2025-12-29 11:00:00,1432.98,1434.12,1432.58,1433.28,0
2025-12-29 12:00:00,1433.28,1434.66,1432.88,1433.89,0
2025-12-29 13:00:00,1433.58,1433.93,1432.18,1433.13,0
2025-12-29 14:00:00,1432.93,1435.74,1432.83,1434.48,0
2025-12-29 15:00:00,1434.38,1434.67,1428.68,1431.98,0
2025-12-29 16:00:00,1432.07,1433.28,1429.38,1432.37,0
2025-12-29 17:00:00,1432.37,1436.39,1432.0,1433.45,0
2025-12-29 18:00:00,1433.32,1437.49,1432.25,1437.32,0
2025-12-29 19:00:00,1436.47,1437.62,1433.22,1437.37,0
2025-12-29 20:00:00,1436.18,1437.81,1433.78,1436.75,0
2025-12-29 21:00:00,1436.24,1438.34,1435.49,1437.38,0
2025-12-29 22:00:00,1436.95,1438.39,1435.78,1437.3,0
2025-12-29 23:00:00,1437.08,1437.8,1433.86,1435.25,0
2025-12-30 00:00:00,1434.65,1436.79,1433.92,1434.57,0
2025-12-30 01:00:00,1434.57,1436.19,1433.12,1433.51,0
2025-12-30 02:00:00,1433.53,1435.98,1433.53,1434.98,0
2025-12-30 03:00:00,1434.9,1435.98,1433.81,1434.46,0
2025-12-30 04:00:00,1434.27,1435.66,1433.32,1433.32,0
2025-12-30 05:00:00,1433.39,1435.5,1432.98,1434.16,0
2025-12-30 06:00:00,1433.62,1435.64,1433.21,1435.54,0
2025-12-30 07:00:00,1435.67,1435.69,1435.58,1435.68,0
2025-12-30 08:00:00,1435.68,1435.68,1435.68,1435.68,0
2025-12-30 09:00:00,1435.68,1435.68,1429.78,1432.69,0
2025-12-30 10:00:00,1432.58,1434.15,1432.08,1433.41,0
2025-12-30 11:00:00,1432.88,1436.67,1432.88,1436.15,0
2025-12-30 12:00:00,1435.88,1437.31,1434.78,1436.98,0
2025-12-30 13:00:00,1436.98,1437.12,1434.88,1435.98,0
2025-12-30 14:00:00,1435.58,1436.36,1434.48,1435.58,0
2025-12-30 15:00:00,1435.79,1444.45,1434.78,1444.19,0
2025-12-30 16:00:00,1444.44,1447.39,1444.04,1446.07,0
2025-12-30 17:00:00,1445.9,1447.18,1440.71,1446.49,0
2025-12-30 18:00:00,1446.5,1450.1,1444.33,1446.9,0
2025-12-30 19:00:00,1446.9,1447.59,1441.38,1443.81,0
2025-12-30 20:00:00,1443.81,1444.46,1439.81,1443.29,0
2025-12-30 21:00:00,1443.31,1444.71,1440.7,1443.49,0
2025-12-30 22:00:00,1443.52,1445.1,1440.55,1443.75,0
2025-12-30 23:00:00,1443.72,1444.33,1439.49,1442.03,0
2025-12-31 00:00:00,1442.05,1444.16,1438.92,1440.65,0
2025-12-31 01:00:00,1440.7,1441.97,1438.78,1439.39,0
2025-12-31 02:00:00,1439.4,1440.81,1438.79,1440.02,0
2025-12-31 03:00:00,1440.67,1441.47,1439.11,1439.2,0
2025-12-31 04:00:00,1440.11,1441.7,1439.0,1440.91,0
2025-12-31 05:00:00,1440.62,1440.72,1438.61,1439.32,0
2025-12-31 06:00:00,1439.36,1439.99,1437.62,1438.31,0
2025-12-31 07:00:00,1438.27,1441.11,1438.27,1438.88,0
2025-12-31 09:00:00,1438.88,1440.52,1438.64,1439.43,0
2025-12-31 10:00:00,1439.58,1440.65,1439.21,1440.11,0
2025-12-31 11:00:00,1440.16,1441.35,1440.09,1440.74,0
2025-12-31 12:00:00,1440.74,1441.61,1439.5,1441.41,0
2025-12-31 13:00:00,1441.35,1441.53,1439.5,1441.3,0
2025-12-31 14:00:00,1441.3,1442.18,1441.29,1441.91,0
2025-12-31 15:00:00,1441.7,1442.22,1441.28,1441.88,0
2025-12-31 16:00:00,1441.88,1442.48,1441.88,1442.45,0
2025-12-31 17:00:00,1442.44,1443.39,1441.88,1442.73,0
2025-12-31 18:00:00,1442.24,1447.3,1439.5,1442.78,0
2025-12-31 19:00:00,1442.66,1447.79,1439.5,1446.17,0
2025-12-31 20:00:00,1446.38,1446.99,1441.5,1441.68,0
2025-12-31 21:00:00,1442.99,1445.31,1441.15,1444.19,0
2025-12-31 22:00:00,1444.4,1444.92,1440.84,1441.6,0
2025-12-31 23:00:00,1441.98,1443.85,1440.69,1442.34,0
2026-01-01 00:00:00,1442.34,1444.22,1440.79,1442.93,0
2026-01-01 01:00:00,1442.93,1444.58,1441.04,1444.51,0
2026-01-01 02:00:00,1444.49,1444.7,1441.41,1444.02,0
2026-01-01 03:00:00,1444.02,1444.57,1441.23,1444.25,0
2026-01-01 04:00:00,1444.38,1444.46,1441.26,1444.43,0
2026-01-01 05:00:00,1444.43,1444.43,1441.09,1442.8,0
2026-01-01 06:00:00,1442.81,1443.49,1439.94,1440.49,0
2026-01-01 07:00:00,1440.49,1442.32,1440.19,1440.94,0
2026-01-01 12:00:00,1439.5,1439.5,1439.5,1439.5,0
2026-01-01 13:00:00,1439.5,1439.5,1439.5,1439.5,0
2026-01-01 14:00:00,1439.5,1439.5,1439.5,1439.5,0
2026-01-01 15:00:00,1439.5,1439.5,1439.5,1439.5,0
2026-01-01 17:00:00,1439.5,1439.5,1439.5,1439.5,0
2026-01-01 18:00:00,1439.5,1439.5,1439.5,1439.5,0
2026-01-01 19:00:00,1439.5,1439.5,1439.5,1439.5,0
2026-01-02 01:00:00,1440.94,1440.94,1440.94,1440.94,0
2026-01-02 02:00:00,1440.94,1440.94,1440.94,1440.94,0
2026-01-02 06:00:00,1440.94,1442.63,1440.94,1442.63,0
2026-01-02 09:00:00,1442.63,1442.63,1440.11,1440.4,0
2026-01-02 10:00:00,1440.4,1442.48,1438.68,1442.08,0
2026-01-02 11:00:00,1442.08,1443.39,1440.76,1442.03,0
2026-01-02 12:00:00,1442.08,1443.25,1440.76,1442.49,0
2026-01-02 13:00:00,1442.62,1444.03,1442.38,1442.98,0
2026-01-02 14:00:00,1442.88,1443.96,1441.07,1443.8,0
2026-01-02 15:00:00,1443.58,1445.08,1440.58,1445.08,0
2026-01-02 16:00:00,1445.08,1445.7,1443.08,1445.02,0
2026-01-02 17:00:00,1445.03,1446.12,1442.91,1444.57,0
2026-01-02 18:00:00,1445.15,1447.33,1443.29,1445.23,0
2026-01-02 19:00:00,1445.23,1447.53,1443.62,1443.85,0
2026-01-02 20:00:00,1444.58,1447.02,1443.5,1444.82,0
2026-01-02 21:00:00,1444.82,1446.32,1443.23,1444.48,0
2026-01-02 22:00:00,1444.48,1446.46,1443.44,1443.78,0
2026-01-02 23:00:00,1444.99,1446.63,1443.52,1446.11,0
2026-01-03 00:00:00,1445.17,1445.83,1442.81,1444.31,0
2026-01-03 01:00:00,1444.31,1445.44,1443.12,1444.45,0
2026-01-03 02:00:00,1444.54,1444.87,1443.2,1443.46,0
2026-01-03 03:00:00,1444.17,1445.87,1443.32,1443.67,0
2026-01-03 04:00:00,1444.73,1445.88,1443.35,1443.96,0
2026-01-03 05:00:00,1443.96,1445.05,1442.53,1442.93,0
2026-01-03 06:00:00,1442.9,1443.92,1442.03,1442.19,0
2026-01-03 07:00:00,1442.19,1442.19,1442.19,1442.19,0
2026-01-05 09:00:00,1442.37,1447.69,1442.37,1446.47,0
2026-01-05 10:00:00,1446.47,1448.08,1445.98,1447.34,0
2026-01-05 11:00:00,1447.36,1449.59,1446.58,1448.88,0
2026-01-05 12:00:00,1448.99,1449.56,1447.08,1447.68,0
2026-01-05 13:00:00,1447.74,1447.85,1446.58,1446.94,0
2026-01-05 14:00:00,1446.95,1447.57,1444.98,1447.28,0
2026-01-05 15:00:00,1447.3,1447.85,1442.18,1443.99,0
2026-01-05 16:00:00,1443.99,1447.43,1443.54,1446.52,0
2026-01-05 17:00:00,1446.52,1447.74,1444.92,1445.73,0
2026-01-05 18:00:00,1445.49,1447.95,1444.95,1445.59,0
2026-01-05 19:00:00,1446.66,1447.84,1445.27,1446.99,0
2026-01-05 20:00:00,1445.59,1447.97,1445.27,1445.74,0
2026-01-05 21:00:00,1446.42,1448.65,1445.57,1448.1,0
2026-01-05 22:00:00,1448.64,1449.79,1445.86,1448.58,0
2026-01-05 23:00:00,1448.58,1449.24,1445.93,1448.23,0
2026-01-06 00:00:00,1448.34,1448.81,1445.27,1445.27,0
2026-01-06 01:00:00,1445.97,1446.9,1444.5,1444.86,0
2026-01-06 02:00:00,1444.86,1445.28,1444.31,1444.53,0
2026-01-06 03:00:00,1444.53,1445.28,1444.22,1444.37,0
2026-01-06 04:00:00,1444.36,1445.78,1444.25,1445.08,0
2026-01-06 05:00:00,1445.27,1445.47,1444.56,1445.21,0
2026-01-06 06:00:00,1445.44,1445.55,1444.65,1444.98,0
2026-01-06 07:00:00,1444.86,1446.68,1444.64,1446.48,0
2026-01-06 09:00:00,1446.48,1448.38,1444.72,1448.14,0
2026-01-06 10:00:00,1448.35,1449.38,1445.5,1446.74,0
2026-01-06 11:00:00,1446.74,1447.48,1443.78,1443.88,0
2026-01-06 12:00:00,1443.88,1445.73,1443.88,1444.21,0
2026-01-06 13:00:00,1444.18,1444.38,1441.78,1444.08,0
2026-01-06 14:00:00,1444.27,1445.82,1442.88,1445.43,0
2026-01-06 15:00:00,1445.56,1446.58,1444.08,1445.46,0
2026-01-06 16:00:00,1445.13,1446.14,1444.28,1445.38,0
2026-01-06 17:00:00,1446.15,1446.87,1444.62,1446.57,0
2026-01-06 18:00:00,1446.57,1447.97,1445.23,1446.84,0
2026-01-06 19:00:00,1447.37,1448.1,1445.71,1446.88,0
2026-01-06 20:00:00,1447.34,1448.21,1444.88,1447.84,0
2026-01-06 21:00:00,1447.9,1448.34,1445.99,1447.33,0
2026-01-06 22:00:00,1447.81,1448.81,1446.27,1447.33,0
2026-01-06 23:00:00,1447.73,1448.66,1446.22,1448.14,0
2026-01-07 01:00:00,1446.98,1447.84,1445.93,1447.34,0
2026-01-07 02:00:00,1447.2,1447.53,1445.8,1446.5,0
2026-01-07 03:00:00,1446.5,1447.54,1445.83,1447.54,0
2026-01-07 04:00:00,1447.54,1447.76,1445.98,1446.1,0
2026-01-07 05:00:00,1446.79,1447.39,1445.96,1447.36,0
2026-01-07 06:00:00,1447.45,1447.89,1446.07,1447.61,0
2026-01-07 07:00:00,1446.89,1448.2,1445.84,1445.97,0
2026-01-07 08:00:00,1445.97,1445.97,1445.97,1445.97,0
2026-01-07 09:00:00,1445.97,1449.36,1445.97,1449.18,0
2026-01-07 10:00:00,1449.08,1449.94,1447.07,1449.38,0
2026-01-07 11:00:00,1449.58,1449.63,1445.71,1446.48,0
2026-01-07 12:00:00,1446.48,1448.28,1445.85,1448.22,0
2026-01-07 13:00:00,1446.75,1448.73,1446.55,1448.06,0
2026-01-07 14:00:00,1448.07,1448.88,1446.37,1448.31,0
2026-01-07 15:00:00,1448.18,1448.28,1445.48,1446.83,0
2026-01-07 16:00:00,1446.48,1447.73,1445.79,1447.59,0
2026-01-07 17:00:00,1447.71,1447.9,1445.41,1445.75,0
2026-01-07 18:00:00,1446.06,1447.51,1445.5,1446.69,0
2026-01-07 19:00:00,1446.67,1446.88,1445.47,1445.7,0
2026-01-07 20:00:00,1445.95,1447.51,1445.58,1446.52,0
2026-01-07 21:00:00,1446.68,1447.63,1445.78,1446.57,0
2026-01-07 22:00:00,1447.07,1447.75,1445.58,1445.92,0
2026-01-07 23:00:00,1446.21,1447.08,1445.58,1446.15,0
2026-01-08 00:00:00,1446.15,1448.58,1445.58,1448.46,0
2026-01-08 01:00:00,1446.98,1448.92,1445.58,1446.85,0
2026-01-08 02:00:00,1447.43,1448.78,1446.64,1448.38,0
2026-01-08 03:00:00,1448.55,1448.95,1446.84,1448.54,0
2026-01-08 04:00:00,1448.54,1449.42,1446.88,1449.0,0
2026-01-08 05:00:00,1449.21,1449.88,1447.0,1449.61,0
2026-01-08 06:00:00,1449.6,1450.41,1447.17,1448.62,0
2026-01-08 07:00:00,1448.62,1450.15,1446.62,1447.14,0
2026-01-08 09:00:00,1447.15,1449.48,1447.0,1447.22,0
2026-01-08 10:00:00,1447.23,1449.78,1447.23,1449.63,0
2026-01-08 11:00:00,1449.58,1449.97,1447.17,1448.29,0
2026-01-08 12:00:00,1448.31,1449.68,1447.26,1449.61,0
2026-01-08 13:00:00,1449.62,1449.62,1447.52,1449.3,0
2026-01-08 14:00:00,1449.09,1449.68,1447.59,1449.37,0
2026-01-08 15:00:00,1449.15,1451.83,1448.6,1450.78,0
2026-01-08 16:00:00,1450.91,1451.68,1449.3,1451.66,0
2026-01-08 17:00:00,1451.65,1454.07,1450.46,1454.07,0
2026-01-08 18:00:00,1454.06,1454.22,1449.88,1451.38,0
2026-01-08 19:00:00,1451.92,1453.46,1449.78,1453.09,0
2026-01-08 20:00:00,1452.78,1453.55,1450.55,1451.91,0
2026-01-08 21:00:00,1452.11,1452.61,1450.51,1450.96,0
2026-01-08 22:00:00,1450.96,1453.3,1450.77,1451.48,0
2026-01-08 23:00:00,1451.49,1454.3,1451.34,1452.42,0
2026-01-09 00:00:00,1452.41,1453.01,1450.97,1452.64,0
2026-01-09 02:00:00,1451.53,1452.34,1450.75,1451.45,0
2026-01-09 03:00:00,1451.78,1452.34,1450.75,1451.57,0
2026-01-09 04:00:00,1451.95,1452.39,1450.38,1451.78,0
2026-01-09 05:00:00,1451.78,1452.43,1450.75,1451.68,0
2026-01-09 06:00:00,1451.68,1453.29,1450.88,1452.62,0
2026-01-09 07:00:00,1451.83,1452.02,1450.58,1450.99,0
2026-01-09 09:00:00,1453.77,1454.48,1451.06,1453.58,0
2026-01-09 10:00:00,1453.38,1455.21,1451.79,1454.81,0
2026-01-09 11:00:00,1454.97,1455.18,1452.29,1455.08,0
2026-01-09 12:00:00,1455.19,1455.97,1454.78,1455.58,0
2026-01-09 13:00:00,1455.85,1456.91,1455.48,1456.47,0
2026-01-09 14:00:00,1456.46,1458.16,1456.18,1457.98,0
2026-01-09 15:00:00,1457.88,1459.29,1457.38,1459.28,0
2026-01-09 16:00:00,1459.08,1459.31,1457.78,1459.06,0
2026-01-09 17:00:00,1459.1,1459.1,1454.68,1456.46,0
2026-01-09 18:00:00,1456.46,1458.78,1454.51,1457.82,0
2026-01-09 19:00:00,1457.82,1459.19,1455.48,1455.93,0
2026-01-09 20:00:00,1456.02,1459.31,1455.83,1456.36,0
2026-01-09 21:00:00,1459.07,1459.82,1456.07,1458.33,0
2026-01-09 22:00:00,1458.33,1460.07,1454.98,1456.78,0
2026-01-09 23:00:00,1457.6,1459.42,1454.98,1457.91,0
2026-01-10 00:00:00,1456.76,1461.46,1456.76,1459.63,0
2026-01-10 01:00:00,1457.36,1460.32,1456.93,1459.18,0
2026-01-10 02:00:00,1456.87,1459.92,1456.72,1458.18,0
2026-01-10 03:00:00,1458.82,1459.77,1456.6,1456.71,0
2026-01-10 04:00:00,1457.57,1459.53,1456.7,1458.26,0
2026-01-10 05:00:00,1458.56,1459.29,1456.76,1456.95,0
2026-01-10 06:00:00,1456.95,1460.16,1456.74,1457.0,0
2026-01-10 07:00:00,1457.0,1457.0,1457.0,1457.0,0
2026-01-12 09:00:00,1460.55,1462.08,1456.13,1457.08,0
2026-01-12 10:00:00,1456.98,1462.48,1456.98,1461.73,0
2026-01-12 11:00:00,1461.63,1464.9,1461.28,1464.61,0
2026-01-12 12:00:00,1464.28,1467.96,1463.78,1467.96,0
2026-01-12 13:00:00,1467.97,1469.75,1467.08,1468.68,0
2026-01-12 14:00:00,1468.68,1469.71,1467.88,1469.71,0
2026-01-12 15:00:00,1469.58,1470.03,1467.78,1469.28,0
2026-01-12 16:00:00,1469.23,1469.61,1467.68,1468.07,0
2026-01-12 17:00:00,1468.06,1468.78,1464.22,1468.78,0
2026-01-12 18:00:00,1468.78,1469.32,1464.25,1468.37,0
2026-01-12 19:00:00,1468.71,1469.14,1464.59,1466.67,0
2026-01-12 20:00:00,1467.82,1468.11,1464.28,1465.05,0
2026-01-12 21:00:00,1467.71,1467.89,1464.15,1467.41,0
2026-01-12 22:00:00,1467.5,1467.52,1464.51,1464.92,0
2026-01-12 23:00:00,1465.74,1467.63,1464.74,1465.84,0
2026-01-13 00:00:00,1465.79,1467.24,1464.67,1467.14,0
2026-01-13 01:00:00,1467.14,1468.75,1465.34,1466.14,0
2026-01-13 02:00:00,1467.06,1468.15,1466.0,1466.06,0
2026-01-13 03:00:00,1466.09,1467.55,1465.66,1466.9,0
2026-01-13 04:00:00,1466.91,1467.0,1465.81,1466.4,0
2026-01-13 05:00:00,1466.66,1466.97,1465.48,1465.68,0
2026-01-13 06:00:00,1465.69,1469.3,1465.49,1466.85,0
2026-01-13 07:00:00,1466.85,1468.29,1465.93,1465.94,0
2026-01-13 09:00:00,1465.95,1473.18,1465.95,1472.91,0
2026-01-13 10:00:00,1472.65,1473.08,1471.38,1472.68,0
2026-01-13 11:00:00,1472.82,1473.39,1470.48,1473.28,0
2026-01-13 12:00:00,1473.18,1474.68,1471.58,1473.83,0
2026-01-13 13:00:00,1473.75,1474.05,1472.18,1473.72,0
2026-01-13 14:00:00,1473.68,1473.99,1472.38,1473.63,0
2026-01-13 15:00:00,1473.65,1474.61,1471.93,1472.88,0
2026-01-13 16:00:00,1472.88,1475.33,1472.28,1474.0,0
2026-01-13 17:00:00,1474.01,1474.58,1470.5,1471.14,0
2026-01-13 18:00:00,1472.37,1474.05,1471.09,1471.95,0
2026-01-13 19:00:00,1472.55,1474.34,1471.68,1473.92,0
2026-01-13 20:00:00,1473.91,1474.62,1472.03,1473.68,0
2026-01-13 21:00:00,1473.85,1474.25,1471.77,1473.72,0
2026-01-13 22:00:00,1473.87,1474.9,1471.83,1474.28,0
2026-01-13 23:00:00,1474.28,1475.77,1472.63,1475.56,0
2026-01-14 00:00:00,1475.56,1477.34,1473.53,1476.28,0
2026-01-14 01:00:00,1476.33,1477.45,1474.18,1475.51,0
2026-01-14 02:00:00,1475.76,1477.58,1474.14,1476.09,0
2026-01-14 03:00:00,1476.8,1477.54,1474.37,1477.02,0
2026-01-14 04:00:00,1477.0,1477.35,1474.34,1476.43,0
2026-01-14 05:00:00,1476.43,1477.14,1474.29,1477.12,0
2026-01-14 06:00:00,1477.12,1477.59,1474.49,1475.39,0
2026-01-14 07:00:00,1475.05,1477.46,1473.92,1474.02,0
2026-01-14 08:00:00,1474.02,1474.02,1474.02,1474.02,0
2026-01-14 09:00:00,1474.03,1479.08,1474.03,1475.84,0
2026-01-14 10:00:00,1474.36,1478.18,1474.2,1477.58,0
2026-01-14 11:00:00,1477.48,1478.77,1476.88,1478.13,0
2026-01-14 12:00:00,1478.28,1478.38,1475.21,1476.98,0
2026-01-14 13:00:00,1476.88,1478.3,1475.41,1477.85,0
2026-01-14 14:00:00,1477.85,1478.56,1476.98,1478.55,0
2026-01-14 15:00:00,1478.55,1478.58,1474.82,1475.47,0
2026-01-14 16:00:00,1475.08,1476.39,1473.49,1474.3,0
2026-01-14 17:00:00,1474.3,1476.05,1471.71,1472.05,0
2026-01-14 18:00:00,1472.05,1473.1,1469.78,1472.23,0
2026-01-14 19:00:00,1472.3,1475.67,1470.78,1475.11,0
2026-01-14 20:00:00,1475.4,1476.57,1474.58,1476.24,0
2026-01-14 21:00:00,1476.1,1476.41,1474.41,1474.54,0
2026-01-14 22:00:00,1474.55,1476.17,1474.55,1475.84,0
2026-01-14 23:00:00,1475.84,1475.86,1460.84,1464.91,0
2026-01-15 00:00:00,1464.25,1469.32,1464.25,1465.96,0
2026-01-15 01:00:00,1465.96,1468.8,1463.15,1463.15,0
2026-01-15 02:00:00,1464.27,1465.62,1463.15,1464.63,0
2026-01-15 03:00:00,1464.59,1464.64,1463.98,1464.14,0
2026-01-15 04:00:00,1464.15,1464.82,1464.15,1464.79,0
2026-01-15 05:00:00,1464.79,1464.82,1461.53,1462.93,0
2026-01-15 06:00:00,1462.96,1462.96,1462.02,1462.84,0
2026-01-15 07:00:00,1462.87,1464.48,1462.87,1463.91,0
2026-01-15 08:00:00,1463.91,1463.91,1463.91,1463.91,0
2026-01-15 09:00:00,1463.92,1467.54,1463.92,1466.48,0
2026-01-15 10:00:00,1466.68,1469.78,1466.38,1468.9,0
2026-01-15 11:00:00,1468.78,1473.59,1468.48,1471.68,0
2026-01-15 12:00:00,1471.78,1473.45,1470.38,1471.98,0
2026-01-15 13:00:00,1471.96,1474.17,1471.28,1473.08,0
2026-01-15 14:00:00,1472.98,1474.01,1469.68,1470.18,0
2026-01-15 15:00:00,1470.18,1473.05,1468.88,1472.07,0
2026-01-15 16:00:00,1472.28,1473.42,1469.58,1471.05,0
2026-01-15 17:00:00,1471.05,1472.54,1468.88,1469.88,0
2026-01-15 18:00:00,1469.75,1471.54,1464.85,1465.93,0
2026-01-15 19:00:00,1465.94,1467.87,1463.88,1464.98,0
2026-01-15 20:00:00,1464.98,1469.16,1463.78,1467.28,0
2026-01-15 21:00:00,1467.24,1469.22,1466.88,1467.77,0
2026-01-15 22:00:00,1467.76,1470.41,1467.27,1470.19,0
2026-01-15 23:00:00,1470.2,1470.61,1468.3,1469.43,0
2026-01-16 00:00:00,1469.82,1470.32,1468.15,1469.24,0
2026-01-16 01:00:00,1469.61,1469.73,1467.72,1469.35,0
2026-01-16 02:00:00,1469.37,1469.91,1468.32,1469.72,0
2026-01-16 03:00:00,1469.73,1469.9,1468.64,1469.11,0
2026-01-16 04:00:00,1468.85,1469.78,1468.47,1469.44,0
2026-01-16 05:00:00,1469.29,1470.09,1467.71,1469.39,0
2026-01-16 06:00:00,1469.04,1470.54,1468.11,1469.99,0
2026-01-16 07:00:00,1469.95,1471.0,1469.83,1469.84,0
2026-01-16 09:00:00,1469.85,1474.58,1468.63,1473.68,0
2026-01-16 10:00:00,1473.78,1474.5,1472.14,1474.28,0
2026-01-16 11:00:00,1474.28,1475.08,1471.98,1473.58,0
2026-01-16 12:00:00,1473.78,1473.92,1471.67,1472.88,0
2026-01-16 13:00:00,1473.18,1473.89,1472.07,1473.25,0
2026-01-16 14:00:00,1473.25,1473.69,1472.26,1473.02,0
